series,sleeve,period,n,wr,avgR,medR,t,PF,sumR,costR,nBig
XAUUSD-M1,S1_BoxReclaim,dev,3284,0.5344,0.0066,0.0488,0.666,1.0282,21.8349,0.0,0
XAUUSD-M1,S1_BoxReclaim,oos,3365,0.5239,-0.0112,0.0412,-1.1005,0.9564,-37.6753,0.0,0
XAUUSD-M1,S2_OpenExhaust,dev,1179,0.4182,0.0066,-1.0,0.1883,1.0125,7.8403,0.0,0
XAUUSD-M1,S2_OpenExhaust,oos,1284,0.4198,0.0292,-1.0,0.8371,1.0541,37.4514,0.0,0
XAUUSD-M1,S3_IBBreak,dev,4454,0.3655,-0.0366,-0.2893,-2.5112,0.9163,-163.0864,0.0,0
XAUUSD-M1,S3_IBBreak,oos,4327,0.3929,-0.0032,-0.2805,-0.2087,0.9928,-13.8374,0.0,0
XAUUSD-M1,S4_OpenRetest,dev,3355,0.4045,-0.0368,-1.0,-1.8697,0.934,-123.3918,0.0,0
XAUUSD-M1,S4_OpenRetest,oos,3295,0.4234,0.0162,-1.0,0.8024,1.0298,53.4166,0.0,0
XAUUSD-M1,S5_LevelSweep,dev,1384,0.44,0.0243,-0.3081,0.8323,1.0501,33.6089,0.0,0
XAUUSD-M1,S5_LevelSweep,oos,1422,0.4325,0.0134,-0.4882,0.4604,1.0267,19.0273,0.0,0
BTCUSD-M1,S1_BoxReclaim,dev,1910,0.4754,-0.0993,-0.0332,-1.4775,0.7073,-189.58,0.0,1
BTCUSD-M1,S1_BoxReclaim,oos,2363,0.5353,0.0176,0.0716,1.4076,1.07,41.6533,0.0,0
BTCUSD-M1,S2_OpenExhaust,dev,680,0.4294,0.2001,-0.6911,1.5785,1.3283,136.0648,0.0,3
BTCUSD-M1,S2_OpenExhaust,oos,1009,0.3974,0.0267,-1.0,0.6523,1.0483,26.9277,0.0,0
BTCUSD-M1,S3_IBBreak,dev,5920,0.3517,-0.0207,-0.2961,-0.3895,0.959,-122.6397,0.0,15
BTCUSD-M1,S3_IBBreak,oos,5385,0.372,-0.0111,-0.2733,-0.8225,0.9739,-60.0351,0.0,1
BTCUSD-M1,S4_OpenRetest,dev,3193,0.409,0.1133,-0.8636,3.6305,1.2041,361.7464,0.0,5
BTCUSD-M1,S4_OpenRetest,oos,2739,0.4107,-0.0241,-1.0,-1.0473,0.9575,-66.0725,0.0,0
BTCUSD-M1,S5_LevelSweep,dev,949,0.4152,0.1582,-0.313,1.5203,1.3123,150.119,0.0,1
BTCUSD-M1,S5_LevelSweep,oos,1030,0.4699,0.0401,-0.1656,1.1571,1.0861,41.3308,0.0,0
XAUUSD-M15,S1_BoxReclaim,dev,2053,0.5002,-0.0161,0.0022,-1.2841,0.9322,-33.1023,0.0,0
XAUUSD-M15,S1_BoxReclaim,oos,1638,0.5403,0.0119,0.0579,0.9194,1.0567,19.513,0.0,0
XAUUSD-M15,S2_OpenExhaust,dev,284,0.4824,0.0372,-0.0295,0.6703,1.098,10.5741,0.0,0
XAUUSD-M15,S2_OpenExhaust,oos,219,0.3836,-0.1254,-0.2481,-2.0857,0.7207,-27.46,0.0,0
XAUUSD-M15,S3_IBBreak,dev,4055,0.3756,-0.0088,-0.184,-0.6355,0.9758,-35.8716,0.0,0
XAUUSD-M15,S3_IBBreak,oos,2884,0.3835,-0.0104,-0.1996,-0.5916,0.9736,-30.0261,0.0,0
XAUUSD-M15,S4_OpenRetest,dev,3251,0.4389,-0.0081,-0.23,-0.4431,0.9822,-26.4005,0.0,3
XAUUSD-M15,S4_OpenRetest,oos,2390,0.4356,-0.0145,-0.2495,-0.623,0.9685,-34.6827,0.0,0
XAUUSD-M15,S5_LevelSweep,dev,1486,0.4758,0.0545,-0.0385,2.3428,1.1569,80.9971,0.0,0
XAUUSD-M15,S5_LevelSweep,oos,1228,0.4585,0.0178,-0.1039,0.6597,1.0452,21.8562,0.0,1
EURUSD-M15,S1_BoxReclaim,dev,2280,0.5259,-0.0029,0.0389,-0.2471,0.9877,-6.5384,0.0,0
EURUSD-M15,S1_BoxReclaim,oos,1896,0.5142,-0.0098,0.0289,-0.7487,0.9602,-18.5495,0.0,0
EURUSD-M15,S2_OpenExhaust,dev,301,0.4651,-0.0052,-0.1224,-0.0995,0.9867,-1.5758,0.0,0
EURUSD-M15,S2_OpenExhaust,oos,242,0.4504,-0.0377,-0.2536,-0.6091,0.9152,-9.1154,0.0,0
EURUSD-M15,S3_IBBreak,dev,2950,0.358,-0.0499,-0.2206,-3.0266,0.8727,-147.147,0.0,1
EURUSD-M15,S3_IBBreak,oos,2711,0.3689,-0.0339,-0.2036,-1.9947,0.9107,-91.7687,0.0,0
EURUSD-M15,S4_OpenRetest,dev,2899,0.4057,-0.0704,-0.3459,-3.5868,0.8563,-204.0109,0.0,4
EURUSD-M15,S4_OpenRetest,oos,2352,0.4443,-0.0009,-0.2113,-0.0416,0.998,-2.1145,0.0,1
EURUSD-M15,S5_LevelSweep,dev,1400,0.455,-0.0254,-0.1367,-1.0451,0.9373,-35.6275,0.0,0
EURUSD-M15,S5_LevelSweep,oos,1338,0.4626,0.0217,-0.1202,0.8292,1.0528,29.0598,0.0,0
GBPUSD-M15,S1_BoxReclaim,dev,2061,0.5129,-0.0251,0.0264,-1.9802,0.9008,-51.6779,0.0,0
GBPUSD-M15,S1_BoxReclaim,oos,1836,0.5196,0.0094,0.0274,0.7333,1.0417,17.2526,0.0,0
GBPUSD-M15,S2_OpenExhaust,dev,277,0.4368,-0.099,-0.2013,-1.7987,0.7813,-27.4247,0.0,0
GBPUSD-M15,S2_OpenExhaust,oos,242,0.4298,-0.093,-0.212,-1.6243,0.7896,-22.5098,0.0,0
GBPUSD-M15,S3_IBBreak,dev,3006,0.3723,-0.0492,-0.2182,-3.024,0.8752,-147.7672,0.0,0
GBPUSD-M15,S3_IBBreak,oos,2702,0.3775,-0.022,-0.1949,-1.2726,0.9425,-59.3463,0.0,0
GBPUSD-M15,S4_OpenRetest,dev,2944,0.4474,-0.0122,-0.2141,-0.6544,0.9731,-35.8662,0.0,0
GBPUSD-M15,S4_OpenRetest,oos,2351,0.4428,-0.0274,-0.2448,-1.3185,0.9411,-64.5131,0.0,0
GBPUSD-M15,S5_LevelSweep,dev,1351,0.4626,-0.0028,-0.0929,-0.1109,0.993,-3.7524,0.0,0
GBPUSD-M15,S5_LevelSweep,oos,1254,0.4506,0.0107,-0.1241,0.4003,1.0265,13.4754,0.0,0
USDJPY-M15,S1_BoxReclaim,dev,2190,0.5027,-0.0124,0.0089,-1.0078,0.9481,-27.1818,0.0,1
USDJPY-M15,S1_BoxReclaim,oos,1857,0.5003,-0.0216,0.0042,-1.6472,0.9118,-40.1339,0.0,0
USDJPY-M15,S2_OpenExhaust,dev,274,0.4489,-0.0108,-0.1325,-0.1465,0.9741,-2.9587,0.0,0
USDJPY-M15,S2_OpenExhaust,oos,292,0.4521,-0.0113,-0.1428,-0.2077,0.9728,-3.2939,0.0,0
USDJPY-M15,S3_IBBreak,dev,3080,0.3893,0.0109,-0.2021,0.6339,1.0283,33.5215,0.0,2
USDJPY-M15,S3_IBBreak,oos,2793,0.3724,-0.0255,-0.2099,-1.5006,0.9334,-71.1996,0.0,0
USDJPY-M15,S4_OpenRetest,dev,2904,0.4329,-0.0115,-0.2416,-0.5833,0.9753,-33.3944,0.0,2
USDJPY-M15,S4_OpenRetest,oos,2371,0.4441,-0.0101,-0.2262,-0.4766,0.9781,-23.8885,0.0,1
USDJPY-M15,S5_LevelSweep,dev,1322,0.4743,0.0353,-0.073,1.3764,1.0916,46.6749,0.0,0
USDJPY-M15,S5_LevelSweep,oos,1250,0.4584,0.0214,-0.1061,0.7784,1.0522,26.7234,0.0,0
AUDUSD-M15,S1_BoxReclaim,dev,2024,0.5109,-0.0188,0.0221,-1.4817,0.9242,-38.0293,0.0,0
AUDUSD-M15,S1_BoxReclaim,oos,1773,0.5149,-0.0187,0.0417,-1.3519,0.9275,-33.213,0.0,0
AUDUSD-M15,S2_OpenExhaust,dev,311,0.4791,0.0012,-0.0791,0.0216,1.0028,0.3664,0.0,0
AUDUSD-M15,S2_OpenExhaust,oos,276,0.4348,-0.0779,-0.3482,-1.3613,0.8333,-21.5102,0.0,0
AUDUSD-M15,S3_IBBreak,dev,3259,0.3691,-0.0368,-0.1982,-2.3,0.9072,-119.8698,0.0,0
AUDUSD-M15,S3_IBBreak,oos,3169,0.367,-0.0478,-0.2237,-2.917,0.8837,-151.5549,0.0,0
AUDUSD-M15,S4_OpenRetest,dev,2973,0.4235,-0.0381,-0.3091,-1.9501,0.9209,-113.217,0.0,3
AUDUSD-M15,S4_OpenRetest,oos,2405,0.4457,-0.0006,-0.1967,-0.0303,0.9986,-1.511,0.0,0
AUDUSD-M15,S5_LevelSweep,dev,1428,0.4874,0.016,-0.0231,0.6354,1.0402,22.8645,0.0,2
AUDUSD-M15,S5_LevelSweep,oos,1364,0.4582,-0.0306,-0.1159,-1.2101,0.9265,-41.6879,0.0,0
USDCAD-M15,S1_BoxReclaim,dev,2001,0.5052,-0.0223,0.0087,-1.7143,0.9126,-44.6657,0.0,0
USDCAD-M15,S1_BoxReclaim,oos,1725,0.5101,-0.0178,0.02,-1.2692,0.9308,-30.6982,0.0,0
USDCAD-M15,S2_OpenExhaust,dev,323,0.452,-0.0109,-0.0759,-0.2245,0.9714,-3.5213,0.0,0
USDCAD-M15,S2_OpenExhaust,oos,271,0.4686,-0.0413,-0.1468,-0.7228,0.9043,-11.2039,0.0,0
USDCAD-M15,S3_IBBreak,dev,3161,0.3768,-0.0343,-0.2159,-2.0792,0.9137,-108.4675,0.0,0
USDCAD-M15,S3_IBBreak,oos,2900,0.38,-0.0334,-0.2202,-1.967,0.9164,-96.8299,0.0,0
USDCAD-M15,S4_OpenRetest,dev,2959,0.4343,-0.0221,-0.2849,-1.1454,0.9533,-65.4138,0.0,1
USDCAD-M15,S4_OpenRetest,oos,2424,0.4604,0.0226,-0.1855,1.0814,1.0501,54.7815,0.0,0
USDCAD-M15,S5_LevelSweep,dev,1413,0.4657,-0.0118,-0.1253,-0.4728,0.9715,-16.7287,0.0,0
USDCAD-M15,S5_LevelSweep,oos,1377,0.4575,0.006,-0.1455,0.2313,1.0143,8.3032,0.0,0
USDCHF-M15,S1_BoxReclaim,dev,2086,0.5086,-0.0144,0.0174,-1.1358,0.9412,-29.9663,0.0,0
USDCHF-M15,S1_BoxReclaim,oos,1796,0.505,-0.0115,0.0115,-0.8749,0.9518,-20.6939,0.0,0
USDCHF-M15,S2_OpenExhaust,dev,278,0.4568,-0.0275,-0.155,-0.476,0.9361,-7.6401,0.0,0
USDCHF-M15,S2_OpenExhaust,oos,229,0.4585,-0.0446,-0.1438,-0.7043,0.8991,-10.2161,0.0,1
USDCHF-M15,S3_IBBreak,dev,3019,0.3544,-0.0743,-0.2345,-4.3836,0.8197,-224.3057,0.0,2
USDCHF-M15,S3_IBBreak,oos,2822,0.3838,-0.0161,-0.1856,-0.9405,0.9583,-45.4228,0.0,0
USDCHF-M15,S4_OpenRetest,dev,2886,0.4106,-0.0649,-0.3141,-3.4411,0.8646,-187.3118,0.0,2
USDCHF-M15,S4_OpenRetest,oos,2288,0.4528,0.0197,-0.1623,0.9,1.0439,45.0412,0.0,1
USDCHF-M15,S5_LevelSweep,dev,1449,0.4458,-0.0389,-0.1576,-1.5995,0.9073,-56.3525,0.0,0
USDCHF-M15,S5_LevelSweep,oos,1364,0.4655,0.0287,-0.0862,1.106,1.0712,39.1757,0.0,0
EURJPY-M15,S1_BoxReclaim,dev,2271,0.4963,-0.0209,0.0,-1.7308,0.9143,-47.4241,0.0,2
EURJPY-M15,S1_BoxReclaim,oos,1941,0.509,-0.0277,0.0189,-2.126,0.8897,-53.7959,0.0,1
EURJPY-M15,S2_OpenExhaust,dev,273,0.5055,0.0284,0.0231,0.4969,1.0729,7.7423,0.0,0
EURJPY-M15,S2_OpenExhaust,oos,232,0.4526,-0.0467,-0.1716,-0.7705,0.8891,-10.8409,0.0,0
EURJPY-M15,S3_IBBreak,dev,2598,0.383,0.0064,-0.2197,0.3357,1.0159,16.6096,0.0,0
EURJPY-M15,S3_IBBreak,oos,2654,0.3802,-0.0165,-0.2123,-0.9139,0.9585,-43.6922,0.0,0
EURJPY-M15,S4_OpenRetest,dev,2969,0.4395,0.0013,-0.234,0.0685,1.0028,3.9013,0.0,2
EURJPY-M15,S4_OpenRetest,oos,2404,0.4384,-0.0067,-0.2254,-0.3082,0.9852,-16.1598,0.0,1
EURJPY-M15,S5_LevelSweep,dev,1374,0.4745,0.0151,-0.0858,0.5943,1.0378,20.6932,0.0,0
EURJPY-M15,S5_LevelSweep,oos,1310,0.4588,-0.0025,-0.1222,-0.0962,0.9939,-3.2981,0.0,0
GBPJPY-M15,S1_BoxReclaim,dev,2134,0.5145,-0.0026,0.0223,-0.2068,0.9893,-5.4747,0.0,0
GBPJPY-M15,S1_BoxReclaim,oos,1980,0.5202,0.0053,0.0361,0.4162,1.0226,10.4019,0.0,0
GBPJPY-M15,S2_OpenExhaust,dev,256,0.4141,-0.1234,-0.2509,-2.2521,0.7255,-31.5811,0.0,0
GBPJPY-M15,S2_OpenExhaust,oos,230,0.413,-0.1138,-0.2822,-1.8891,0.7506,-26.1679,0.0,0
GBPJPY-M15,S3_IBBreak,dev,2706,0.3744,-0.0285,-0.2217,-1.5775,0.9304,-76.9905,0.0,0
GBPJPY-M15,S3_IBBreak,oos,2506,0.3783,-0.0213,-0.2137,-1.1703,0.9454,-53.4687,0.0,0
GBPJPY-M15,S4_OpenRetest,dev,3022,0.4421,-0.0241,-0.2193,-1.2803,0.9482,-72.915,0.0,4
GBPJPY-M15,S4_OpenRetest,oos,2403,0.4328,-0.0303,-0.2598,-1.4219,0.9359,-72.7133,0.0,4
GBPJPY-M15,S5_LevelSweep,dev,1409,0.4457,-0.0035,-0.1611,-0.1379,0.9916,-4.9414,0.0,0
GBPJPY-M15,S5_LevelSweep,oos,1207,0.4524,-0.0255,-0.1346,-0.9509,0.9389,-30.7798,0.0,0
EURGBP-M15,S1_BoxReclaim,dev,2146,0.5144,-0.0009,0.0258,-0.08,0.9958,-2.0062,0.0,0
EURGBP-M15,S1_BoxReclaim,oos,1878,0.5032,-0.0275,0.0148,-2.1282,0.8878,-51.5707,0.0,0
EURGBP-M15,S2_OpenExhaust,dev,227,0.4626,-0.0411,-0.1036,-0.705,0.8976,-9.339,0.0,0
EURGBP-M15,S2_OpenExhaust,oos,211,0.3981,-0.1732,-0.4755,-2.8043,0.6469,-36.5552,0.0,0
EURGBP-M15,S3_IBBreak,dev,2745,0.3679,-0.0734,-0.2456,-4.1969,0.8253,-201.5993,0.0,0
EURGBP-M15,S3_IBBreak,oos,2553,0.3588,-0.0582,-0.2435,-3.225,0.8581,-148.5919,0.0,1
EURGBP-M15,S4_OpenRetest,dev,3193,0.4153,-0.0651,-0.3283,-3.6442,0.8643,-207.7997,0.0,0
EURGBP-M15,S4_OpenRetest,oos,2496,0.4219,-0.0583,-0.3063,-2.926,0.8765,-145.4694,0.0,0
EURGBP-M15,S5_LevelSweep,dev,1406,0.4559,-0.0424,-0.1131,-1.7546,0.8964,-59.5791,0.0,0
EURGBP-M15,S5_LevelSweep,oos,1221,0.4144,-0.0731,-0.2232,-2.7009,0.8368,-89.2831,0.0,1
EURCHF-M15,S1_BoxReclaim,dev,2019,0.4948,-0.0178,0.0,-1.421,0.9241,-36.0259,0.0,1
EURCHF-M15,S1_BoxReclaim,oos,1843,0.5062,-0.0079,0.0176,-0.6243,0.9652,-14.5979,0.0,0
EURCHF-M15,S2_OpenExhaust,dev,235,0.4426,-0.0264,-0.2891,-0.4015,0.9433,-6.1974,0.0,0
EURCHF-M15,S2_OpenExhaust,oos,222,0.4144,-0.0754,-0.1851,-1.1963,0.8292,-16.7323,0.0,0
EURCHF-M15,S3_IBBreak,dev,2721,0.315,-0.1831,-0.383,-10.564,0.6211,-498.1607,0.0,0
EURCHF-M15,S3_IBBreak,oos,2679,0.3494,-0.0972,-0.2737,-5.5535,0.775,-260.3375,0.0,0
EURCHF-M15,S4_OpenRetest,dev,3173,0.4103,-0.0775,-0.369,-4.217,0.8412,-246.0226,0.0,2
EURCHF-M15,S4_OpenRetest,oos,2399,0.4314,-0.0007,-0.2941,-0.0162,0.9985,-1.6684,0.0,1
EURCHF-M15,S5_LevelSweep,dev,1567,0.4397,-0.0509,-0.1737,-2.1972,0.8793,-79.8142,0.0,0
EURCHF-M15,S5_LevelSweep,oos,1318,0.4454,-0.0371,-0.1226,-1.4532,0.9117,-48.8618,0.0,0
AUDJPY-M15,S1_BoxReclaim,dev,2125,0.5073,-0.0125,0.0148,-0.9755,0.9498,-26.6185,0.0,1
AUDJPY-M15,S1_BoxReclaim,oos,1898,0.5121,-0.0144,0.0239,-1.076,0.9432,-27.2833,0.0,0
AUDJPY-M15,S2_OpenExhaust,dev,274,0.4526,-0.0424,-0.1474,-0.7439,0.9013,-11.618,0.0,0
AUDJPY-M15,S2_OpenExhaust,oos,254,0.4606,-0.0124,-0.1057,-0.2131,0.9697,-3.1572,0.0,0
AUDJPY-M15,S3_IBBreak,dev,2710,0.3867,-0.0204,-0.2047,-1.1179,0.9495,-55.4172,0.0,1
AUDJPY-M15,S3_IBBreak,oos,2752,0.3841,-0.0194,-0.2163,-1.0918,0.9516,-53.3806,0.0,0
AUDJPY-M15,S4_OpenRetest,dev,3053,0.4307,-0.0247,-0.2534,-1.2854,0.9471,-75.4336,0.0,0
AUDJPY-M15,S4_OpenRetest,oos,2492,0.431,-0.0174,-0.2817,-0.7089,0.9632,-43.2765,0.0,1
AUDJPY-M15,S5_LevelSweep,dev,1460,0.4705,0.0189,-0.0987,0.7646,1.0474,27.621,0.0,0
AUDJPY-M15,S5_LevelSweep,oos,1243,0.4562,-0.0156,-0.1274,-0.5909,0.962,-19.4007,0.0,0
NAS100-M5,S1_BoxReclaim,dev,1616,0.5149,-0.0198,0.0296,-1.3007,0.928,-31.9838,0.0,0
NAS100-M5,S1_BoxReclaim,oos,1509,0.5288,-0.0107,0.0631,-0.6738,0.961,-16.1559,0.0,0
NAS100-M5,S2_OpenExhaust,dev,352,0.4176,0.0541,-1.0,0.7689,1.0958,19.0424,0.0,0
NAS100-M5,S2_OpenExhaust,oos,361,0.4321,0.0555,-1.0,0.7871,1.0985,20.0264,0.0,1
NAS100-M5,S3_IBBreak,dev,0,,,,,,0.0,,0
NAS100-M5,S3_IBBreak,oos,0,,,,,,0.0,,0
NAS100-M5,S4_OpenRetest,dev,1025,0.4166,0.013,-1.0,0.3513,1.0235,13.3469,0.0,0
NAS100-M5,S4_OpenRetest,oos,926,0.4244,0.0295,-1.0,0.7518,1.0533,27.2787,0.0,0
NAS100-M5,S5_LevelSweep,dev,513,0.4464,0.0611,-0.4119,1.225,1.1226,31.3567,0.0,0
NAS100-M5,S5_LevelSweep,oos,476,0.3866,-0.077,-1.0,-1.5211,0.8617,-36.6323,0.0,0
US500-M5,S1_BoxReclaim,dev,1506,0.5193,-0.0041,0.0371,-0.2636,0.9844,-6.2396,0.0,0
US500-M5,S1_BoxReclaim,oos,1492,0.5328,-0.0054,0.0685,-0.3293,0.9807,-7.9852,0.0,0
US500-M5,S2_OpenExhaust,dev,368,0.394,-0.0124,-1.0,-0.1869,0.9784,-4.5568,0.0,0
US500-M5,S2_OpenExhaust,oos,387,0.3979,0.0199,-1.0,0.2919,1.0337,7.7057,0.0,0
US500-M5,S3_IBBreak,dev,53,0.4151,-0.0187,-0.4239,-0.1272,0.9604,-0.9924,0.0,0
US500-M5,S3_IBBreak,oos,17,0.3529,0.0809,-0.1671,0.3029,1.1999,1.3749,0.0,0
US500-M5,S4_OpenRetest,dev,1008,0.4048,-0.017,-1.0,-0.4456,0.9705,-17.1713,0.0,1
US500-M5,S4_OpenRetest,oos,914,0.4223,0.0137,-1.0,0.3486,1.0248,12.5522,0.0,0
US500-M5,S5_LevelSweep,dev,507,0.3649,-0.1068,-1.0,-2.1504,0.8138,-54.1669,0.0,0
US500-M5,S5_LevelSweep,oos,501,0.4531,0.0663,-0.4422,1.2883,1.1309,33.2054,0.0,0
US30-M5,S1_BoxReclaim,dev,1522,0.5145,-0.0216,0.0324,-1.3903,0.9204,-32.9386,0.0,0
US30-M5,S1_BoxReclaim,oos,1555,0.528,-0.0023,0.0534,-0.1458,0.9915,-3.555,0.0,0
US30-M5,S2_OpenExhaust,dev,406,0.3719,-0.068,-1.0,-1.077,0.8866,-27.6281,0.0,0
US30-M5,S2_OpenExhaust,oos,379,0.4037,0.0507,-1.0,0.7209,1.0873,19.2029,0.0,1
US30-M5,S3_IBBreak,dev,0,,,,,,0.0,,0
US30-M5,S3_IBBreak,oos,0,,,,,,0.0,,0
US30-M5,S4_OpenRetest,dev,965,0.4477,0.0837,-1.0,2.1944,1.1602,80.8013,0.0,0
US30-M5,S4_OpenRetest,oos,925,0.4292,0.0244,-1.0,0.6268,1.0444,22.5889,0.0,1
US30-M5,S5_LevelSweep,dev,492,0.4431,0.0345,-0.27,0.6931,1.0704,16.9701,0.0,0
US30-M5,S5_LevelSweep,oos,508,0.4232,-0.0021,-0.6641,-0.0431,0.9959,-1.077,0.0,0
DAX-M5,S1_BoxReclaim,dev,1391,0.5363,-0.0024,0.0632,-0.147,0.9906,-3.3629,0.0,1
DAX-M5,S1_BoxReclaim,oos,1441,0.499,-0.0303,-0.0004,-1.8765,0.8914,-43.6751,0.0,0
DAX-M5,S2_OpenExhaust,dev,382,0.3508,-0.0413,-1.0,-0.6076,0.9317,-15.7902,0.0,0
DAX-M5,S2_OpenExhaust,oos,393,0.3664,-0.0406,-1.0,-0.6354,0.9302,-15.9723,0.0,0
DAX-M5,S3_IBBreak,dev,47,0.4043,-0.1175,-0.3914,-0.7995,0.7613,-5.5218,0.0,0
DAX-M5,S3_IBBreak,oos,22,0.3182,-0.4617,-0.5014,-0.9974,0.513,-10.1564,0.0,1
DAX-M5,S4_OpenRetest,dev,962,0.4116,-0.0,-1.0,-0.0005,1.0,-0.0179,0.0,1
DAX-M5,S4_OpenRetest,oos,945,0.4116,0.001,-1.0,0.0257,1.0018,0.9605,0.0,0
DAX-M5,S5_LevelSweep,dev,452,0.4159,-0.0016,-0.5478,-0.0312,0.9968,-0.7429,0.0,0
DAX-M5,S5_LevelSweep,oos,415,0.5084,0.1927,0.0486,3.3678,1.4265,79.975,0.0,0
FTSE-M5,S1_BoxReclaim,dev,1503,0.5309,0.0019,0.0529,0.1175,1.0071,2.8392,0.0,0
FTSE-M5,S1_BoxReclaim,oos,1438,0.5181,0.0011,0.0318,0.0677,1.0043,1.5964,0.0,0
FTSE-M5,S2_OpenExhaust,dev,444,0.4054,0.0721,-1.0,1.0807,1.1239,32.0291,0.0,0
FTSE-M5,S2_OpenExhaust,oos,369,0.3577,-0.1462,-1.0,-1.9599,0.7778,-53.9303,0.0,2
FTSE-M5,S3_IBBreak,dev,37,0.3514,-0.1911,-1.0,-0.8756,0.7121,-7.0694,0.0,0
FTSE-M5,S3_IBBreak,oos,25,0.36,-0.0708,-0.2028,-0.2814,0.8559,-1.7697,0.0,1
FTSE-M5,S4_OpenRetest,dev,1005,0.4219,0.0202,-1.0,0.5359,1.0369,20.2593,0.0,1
FTSE-M5,S4_OpenRetest,oos,913,0.4206,-0.0045,-1.0,-0.1135,0.9918,-4.1502,0.0,2
FTSE-M5,S5_LevelSweep,dev,480,0.4542,0.0496,-0.3707,0.9432,1.0978,23.8206,0.0,0
FTSE-M5,S5_LevelSweep,oos,432,0.4167,-0.0414,-0.7806,-0.7877,0.9215,-17.8671,0.0,0
XAU5-M5,S1_BoxReclaim,dev,1510,0.5444,-0.0024,0.0678,-0.1562,0.9906,-3.6353,0.0,0
XAU5-M5,S1_BoxReclaim,oos,1505,0.5276,-0.0023,0.0571,-0.1471,0.9912,-3.3969,0.0,0
XAU5-M5,S2_OpenExhaust,dev,319,0.3699,-0.0791,-1.0,-1.181,0.8621,-25.2322,0.0,0
XAU5-M5,S2_OpenExhaust,oos,380,0.4026,0.008,-1.0,0.1227,1.0145,3.0355,0.0,0
XAU5-M5,S3_IBBreak,dev,0,,,,,,0.0,,0
XAU5-M5,S3_IBBreak,oos,0,,,,,,0.0,,0
XAU5-M5,S4_OpenRetest,dev,880,0.4159,-0.0214,-1.0,-0.5537,0.9615,-18.8399,0.0,0
XAU5-M5,S4_OpenRetest,oos,951,0.4027,-0.0247,-1.0,-0.6626,0.9558,-23.4429,0.0,0
XAU5-M5,S5_LevelSweep,dev,378,0.418,-0.0334,-0.7285,-0.5928,0.9364,-12.6315,0.0,0
XAU5-M5,S5_LevelSweep,oos,469,0.4414,0.0193,-0.5057,0.3802,1.0385,9.0388,0.0,0
EURUSD5-M5,S1_BoxReclaim,dev,962,0.5229,-0.0075,0.0439,-0.375,0.9725,-7.2052,0.0,0
EURUSD5-M5,S1_BoxReclaim,oos,1035,0.5121,-0.0102,0.0188,-0.5476,0.961,-10.5301,0.0,0
EURUSD5-M5,S2_OpenExhaust,dev,315,0.4063,0.0407,-1.0,0.5614,1.074,12.8342,0.0,0
EURUSD5-M5,S2_OpenExhaust,oos,378,0.3862,-0.0477,-1.0,-0.7351,0.9182,-18.0273,0.0,0
EURUSD5-M5,S3_IBBreak,dev,1120,0.3705,-0.0418,-0.3007,-1.4341,0.9058,-46.843,0.0,0
EURUSD5-M5,S3_IBBreak,oos,1326,0.3906,-0.0305,-0.2424,-1.1495,0.9291,-40.3891,0.0,0
EURUSD5-M5,S4_OpenRetest,dev,837,0.3847,-0.0748,-1.0,-1.8965,0.8709,-62.6027,0.0,0
EURUSD5-M5,S4_OpenRetest,oos,989,0.4216,0.0054,-1.0,0.1501,1.0102,5.3851,0.0,0
EURUSD5-M5,S5_LevelSweep,dev,358,0.4274,0.0156,-1.0,0.259,1.0296,5.5674,0.0,0
EURUSD5-M5,S5_LevelSweep,oos,437,0.4325,0.0187,-0.5765,0.3457,1.0365,8.1895,0.0,0
NQ-M1-RTH,S1_BoxReclaim,dev,88,0.5909,0.0426,0.1566,0.5684,1.1628,3.7476,0.0,0
NQ-M1-RTH,S1_BoxReclaim,oos,89,0.5506,0.0522,0.1024,0.8605,1.2366,4.6461,0.0,0
NQ-M1-RTH,S2_OpenExhaust,dev,33,0.4848,0.2856,-1.0,1.096,1.5544,9.4241,0.0,0
NQ-M1-RTH,S2_OpenExhaust,oos,33,0.3333,-0.1112,-1.0,-0.4585,0.8279,-3.6695,0.0,0
NQ-M1-RTH,S3_IBBreak,dev,67,0.4478,0.1397,-0.0667,1.181,1.4263,9.3566,0.0,0
NQ-M1-RTH,S3_IBBreak,oos,67,0.3731,-0.0461,-0.443,-0.3498,0.9095,-3.0871,0.0,0
NQ-M1-RTH,S4_OpenRetest,dev,69,0.4928,0.172,-0.0076,1.209,1.355,11.8704,0.0,0
NQ-M1-RTH,S4_OpenRetest,oos,69,0.3913,-0.0593,-1.0,-0.4356,0.8945,-4.0889,0.0,0
NQ-M1-RTH,S5_LevelSweep,dev,42,0.2857,-0.294,-1.0,-1.761,0.5689,-12.3481,0.0,0
NQ-M1-RTH,S5_LevelSweep,oos,43,0.2093,-0.5782,-1.0,-4.4559,0.2511,-24.8641,0.0,0
