label,n,avgR,sumR,wr,t_month,control_avgR
UNGATED (all trades),308522,-0.17116,-52806.82221,0.36733,-80.57355,
gate N=30 theta=0.0 z=0.0,33526,-0.11012,-3691.83566,0.40121,-22.33245,-0.11196
gate N=30 theta=0.0 z=1.0,8710,-0.10322,-899.0406,0.40907,-11.8336,-0.08255
gate N=30 theta=0.0 z=2.0,918,-0.0818,-75.09087,0.41612,-3.25279,-0.07699
gate N=30 theta=0.03 z=0.0,19688,-0.11416,-2247.6064,0.3942,-17.72448,-0.09166
gate N=30 theta=0.03 z=1.0,8610,-0.10306,-887.32699,0.40894,-11.70402,-0.0885
gate N=30 theta=0.03 z=2.0,918,-0.0818,-75.09087,0.41612,-3.25279,0.00594
gate N=30 theta=0.05 z=0.0,13544,-0.11685,-1582.59815,0.38984,-14.52444,-0.08788
gate N=30 theta=0.05 z=1.0,7619,-0.10748,-818.9195,0.40071,-10.94742,-0.07964
gate N=30 theta=0.05 z=2.0,918,-0.0818,-75.09087,0.41612,-3.25279,-0.03342
gate N=30 theta=0.1 z=0.0,5005,-0.11776,-589.37,0.38362,-8.52847,-0.08486
gate N=30 theta=0.1 z=1.0,4615,-0.11668,-538.47472,0.38592,-8.37879,-0.0831
gate N=30 theta=0.1 z=2.0,716,-0.0888,-63.58088,0.40223,-2.95627,-0.00686
gate N=60 theta=0.0 z=0.0,22102,-0.08764,-1937.10633,0.41023,-14.54006,-0.08703
gate N=60 theta=0.0 z=1.0,4925,-0.07666,-377.55568,0.4203,-6.27046,-0.08423
gate N=60 theta=0.0 z=2.0,478,-0.08214,-39.26211,0.44561,-2.62531,-0.08889
gate N=60 theta=0.03 z=0.0,11760,-0.07562,-889.34038,0.40731,-8.5236,-0.06961
gate N=60 theta=0.03 z=1.0,4911,-0.07653,-375.82778,0.42008,-6.23733,-0.05371
gate N=60 theta=0.03 z=2.0,478,-0.08214,-39.26211,0.44561,-2.62531,-0.0662
gate N=60 theta=0.05 z=0.0,7733,-0.0771,-596.18296,0.40644,-6.88901,-0.06875
gate N=60 theta=0.05 z=1.0,4344,-0.07723,-335.48554,0.41575,-5.76413,-0.06831
gate N=60 theta=0.05 z=2.0,478,-0.08214,-39.26211,0.44561,-2.62531,-0.00326
gate N=60 theta=0.1 z=0.0,2499,-0.09677,-241.83669,0.39336,-4.6923,-0.06957
gate N=60 theta=0.1 z=1.0,2376,-0.09428,-224.00837,0.39478,-4.5163,-0.06386
gate N=60 theta=0.1 z=2.0,357,-0.1002,-35.77179,0.43417,-2.47535,-0.03584
gate N=120 theta=0.0 z=0.0,12608,-0.07726,-974.05508,0.41561,-9.78844,-0.0593
gate N=120 theta=0.0 z=1.0,2626,-0.06244,-163.97971,0.42917,-4.06846,-0.02801
gate N=120 theta=0.0 z=2.0,157,-0.12719,-19.96879,0.44586,-2.33772,0.1019
gate N=120 theta=0.03 z=0.0,5931,-0.07743,-459.21764,0.40617,-6.60586,-0.05842
gate N=120 theta=0.03 z=1.0,2612,-0.06381,-166.66436,0.42802,-4.1406,-0.04817
gate N=120 theta=0.03 z=2.0,157,-0.12719,-19.96879,0.44586,-2.33772,-0.07259
gate N=120 theta=0.05 z=0.0,3453,-0.08144,-281.19934,0.39705,-5.05754,-0.0539
gate N=120 theta=0.05 z=1.0,2087,-0.08214,-171.42341,0.40489,-4.59244,-0.02503
gate N=120 theta=0.05 z=2.0,157,-0.12719,-19.96879,0.44586,-2.33772,0.01392
gate N=120 theta=0.1 z=0.0,749,-0.1113,-83.36129,0.37517,-3.16751,-0.01181
gate N=120 theta=0.1 z=1.0,733,-0.10701,-78.43998,0.37653,-3.00635,0.01427
gate N=120 theta=0.1 z=2.0,81,-0.15717,-12.73047,0.40741,-2.02441,-0.10738
